state,district,DEI,AHS,UBS,SRS
Andaman & Nicobar Islands,nicobars,0.4,0.75,0.25,0.75
Andaman & Nicobar Islands,north and middle andaman,0.7788958666287357,0.5611888111888113,0.75,0.25
Andaman & Nicobar Islands,south andaman,0.81959891123238,0.25,0.3447081073552992,0.3242706906427786
Andhra Pradesh,alluri sitharama raju,0.6095096739717358,0.7182683286422731,0.7040809447406275,0.4338696525206345
Andhra Pradesh,anakapalli,0.6307115875706479,0.7493633561184827,0.4108602469317987,0.7182015502553273
Andhra Pradesh,ananthapuramu,0.8477693309511677,0.3466023321270607,0.707615166842982,0.3968994863672677
Andhra Pradesh,annamayya,0.5346519529723566,0.7279520171558772,0.25,0.6375612431164381
Andhra Pradesh,bapatla,0.610587054501375,0.75,0.4817785378150525,0.738894074088368
Andhra Pradesh,chittoor,0.8529584693967165,0.427925211097708,0.643526697034472,0.3630920436151766
Andhra Pradesh,dr. b.r. ambedkar konaseema,0.629453657762302,0.743968636911942,0.5173935815368642,0.75
Andhra Pradesh,east godavari,0.8837888971743103,0.4283608095429567,0.732176540233999,0.3301411950094209
Andhra Pradesh,eluru,0.7161715514072875,0.7449403565205737,0.4361149725358245,0.6303250347176296
Andhra Pradesh,guntur,0.8639806860548358,0.3442903096099718,0.6881010228977055,0.3241081927201182
Andhra Pradesh,kakinada,0.6307613291666807,0.7304315775365233,0.2943117410303744,0.6473435492425585
Andhra Pradesh,krishna,0.8725889436821417,0.4765111915292856,0.7404781660375243,0.2593054908725241
Andhra Pradesh,kurnool,0.8955858779034764,0.25,0.7341057697953064,0.25
Andhra Pradesh,nandyal,0.6938272431074184,0.733279721216995,0.3171547981615054,0.6506604464519636
Andhra Pradesh,ntr,0.6634564462067429,0.7318724031631149,0.2876185244353061,0.4951061464952904
Andhra Pradesh,palnadu,0.7008574177815228,0.7349550998525667,0.3052680375445348,0.5073029490283973
Andhra Pradesh,parvathipuram manyam,0.7398933474958727,0.7494973864093285,0.636761554466086,0.3877986795323492
Andhra Pradesh,prakasam,0.7926589475402279,0.4230666130545503,0.6858906602112147,0.3927376168078675
Andhra Pradesh,sri potti sriramulu nellore,0.6486285588302847,0.3881852298619487,0.7463607279004615,0.3706874422727662
Andhra Pradesh,sri sathya sai,0.6798842855234837,0.732039941026672,0.3055564470793604,0.5592987534892868
Andhra Pradesh,srikakulam,0.8682274313080965,0.5839699772148506,0.6381170948428686,0.4037591867018608
Andhra Pradesh,tirupati,0.3727317875657129,0.7031899209221284,0.3042339636478559,0.6443052590633025
Andhra Pradesh,visakhapatnam,0.877065590208743,0.4081222356252513,0.75,0.3606767747493083
Andhra Pradesh,vizianagaram,0.8509744620120798,0.6070566948130277,0.6961384952688252,0.3770115644411251
Andhra Pradesh,west godavari,0.874527395750983,0.5149778850020105,0.6947674871734749,0.3446366455966408
Andhra Pradesh,y.s.r. kadapa,0.8006712700491804,0.4732274494035651,0.6862388241050433,0.4091608324400249
Arunachal Pradesh,anjaw,0.8207975988629833,0.7171578947368421,0.5129373189294357,0.3342981798927588
Arunachal Pradesh,changlang,0.8599191775113713,0.25,0.473400388627598,0.5173893308630313
Arunachal Pradesh,dibang valley,0.5592007496091039,0.7426315789473684,0.6692389204222574,0.5913574337586797
Arunachal Pradesh,east kameng,0.7562995159406628,0.611578947368421,0.5236055450777717,0.5354556184494254
Arunachal Pradesh,east siang,0.8209123121454958,0.6310526315789473,0.4379182943642639,0.4637800560983429
Arunachal Pradesh,kamle,0.7530268615968311,0.7323157894736843,0.25,0.6021585215644616
Arunachal Pradesh,kra daadi,0.7003771223605854,0.6994736842105262,0.5027096553152517,0.4537875919159871
Arunachal Pradesh,kurung kumey,0.7836430113001425,0.7021052631578948,0.75,0.4482454733764066
Arunachal Pradesh,leparada,0.8064791633115312,0.75,0.5565672870625358,0.4122131971871158
Arunachal Pradesh,lohit,0.8206848025763247,0.6378947368421053,0.5588635944680933,0.403102080311398
Arunachal Pradesh,longding,0.8548952470707458,0.3006766917293234,0.5648852437803932,0.4579595916403779
Arunachal Pradesh,lower dibang valley,0.8253300177352714,0.6815789473684211,0.5579812777469612,0.4148410491322194
Arunachal Pradesh,lower siang,0.8067699179131989,0.7310526315789474,0.5493202383651596,0.4358502699562121
Arunachal Pradesh,lower subansiri,0.7083884755500314,0.6721052631578948,0.4537064198837729,0.4872613338862828
Arunachal Pradesh,namsai,0.8327578875681081,0.6289473684210527,0.6779965376853089,0.4789728579675615
Arunachal Pradesh,pakke kessang,0.8410043462352954,0.7460526315789473,0.537011332587819,0.25
Arunachal Pradesh,papum pare,0.8757565538602069,0.4615789473684211,0.5604234953328864,0.4489514137865457
Arunachal Pradesh,shi yomi,0.6508898980123576,0.7310526315789474,0.5892631459295441,0.75
Arunachal Pradesh,siang,0.6423770476621551,0.6723157894736842,0.5953416632666693,0.3313791434242381
Arunachal Pradesh,tawang,0.7823813547310106,0.6426315789473684,0.6915677142911565,0.4870291541699879
Arunachal Pradesh,tirap,0.799893325268844,0.6868421052631579,0.6401820297449334,0.4807974785830964
Arunachal Pradesh,upper siang,0.8825703110403993,0.7190526315789474,0.4706847788990802,0.3088685425270373
Arunachal Pradesh,upper subansiri,0.8771712868366597,0.648421052631579,0.682056011214592,0.4004258077779579
Arunachal Pradesh,west kameng,0.881720028607256,0.6074436090225563,0.6832837111980663,0.3981644708556191
Arunachal Pradesh,west siang,0.8077868622275435,0.6273684210526316,0.5799461800181165,0.4862318412672531
Assam,bajali,0.7258447004554114,0.75,0.4057340135224848,0.5437836875879222
Assam,baksa,0.7479095054147358,0.6682519816437213,0.5288187688819936,0.459974266969109
Assam,barpeta,0.9000694088455786,0.4254693366708386,0.5540698121491452,0.338901879851731
Assam,biswanath,0.7431859429005989,0.7070892186661899,0.4745353348905429,0.4695681354515084
Assam,bongaigaon,0.8222620152397303,0.6773675427617856,0.5141553281989246,0.4107664126754803
Assam,cachar,0.8847554025568612,0.25,0.5392543090576114,0.3773565771455936
Assam,charaideo,0.5052412428650992,0.714877972465582,0.4969792788686017,0.5579341954790644
Assam,chirang,0.7735287275811885,0.6649863254994669,0.5995239270301602,0.4636343874639586
Assam,darrang,0.8010970163111282,0.5516502109117879,0.449296152999908,0.4464186941106884
Assam,dhemaji,0.7443664015635876,0.5986232790988736,0.4953888259772778,0.5120825750851017
Assam,dhubri,0.8000590166615298,0.4323807537199277,0.3754604862348767,0.465580486169416
Assam,dibrugarh,0.788397907795732,0.5897997496871089,0.5261710601229747,0.2857395249015521
Assam,dima hasao,0.6360664560725627,0.7168103648078616,0.6159372633121106,0.6328718264794222
Assam,goalpara,0.7636950951988347,0.5076600380104761,0.4785016155322914,0.5289773442744566
Assam,golaghat,0.8124119646904587,0.461514392991239,0.4946611101578814,0.4484921517064328
Assam,hailakandi,0.7536028450291242,0.5932415519399249,0.4937644473119233,0.4856394464085625
Assam,hojai,0.8326296714351507,0.578906503499745,0.481830965202653,0.4111654375759181
Assam,jorhat,0.659274506467622,0.6304755944931164,0.5375232829263645,0.5459504289573389
Assam,kamrup,0.8166616942023911,0.4423445974134334,0.4988774901717089,0.402317908918488
Assam,kamrup metropolitan,0.8163974437919078,0.5969614796273119,0.5575696117914619,0.4050935434749817
Assam,karbi anglong,0.768567356451003,0.5298289528577389,0.5630518195983081,0.5350368604962878
Assam,karimganj,0.6820500886199786,0.372444722569879,0.4930504502025266,0.75
Assam,kokrajhar,0.7858088492642415,0.6432415519399249,0.555959328478059,0.4146561207210115
Assam,lakhimpur,0.7509312846431023,0.5871297455152273,0.4803325412108092,0.5214110847912609
Assam,majuli,0.7940245166816613,0.7344746409201979,0.4693682677081029,0.4122395526432496
Assam,marigaon,0.8043900478617179,0.5248435544430539,0.4058592648030097,0.4664441313814534
Assam,nagaon,0.8227225971018811,0.4259143373661521,0.5156526337010858,0.5241799016065488
Assam,nalbari,0.7530421863178852,0.6396537338339592,0.5465166297412289,0.6109613266018343
Assam,sivasagar,0.8065761867920547,0.6709196681036481,0.559500641013781,0.4641018698298487
Assam,sonitpur,0.7253844311725111,0.5419482686691698,0.4670466233407622,0.5491022269404379
Assam,south salmara mankachar,0.7192817826210897,0.7041391024494904,0.25,0.7078969834570014
Assam,sribhumi,0.6914488094048984,0.744785148101794,0.3989093077693596,0.6720348084653787
Assam,tamulpur,0.8936284629904281,0.7488318731748018,0.4333009250514043,0.25
Assam,tinsukia,0.4854764597122621,0.551668752607426,0.4084956357018223,0.5206254758390434
Assam,udalguri,0.7772732496560805,0.6333263801974691,0.5374336671733775,0.4348370989583372
Assam,west karbi anglong,0.6664863432666295,0.7056158160663792,0.75,0.2927512535422332
Bihar,araria,0.7030896233971838,0.5243240951292134,0.399432793435294,0.5310767517051217
Bihar,arwal,0.5910740100577275,0.75,0.5314508493785255,0.5413127380067508
Bihar,aurangabad,0.6555912412289365,0.572611614340574,0.3523344521937755,0.4179830162506169
Bihar,banka,0.6538404986459427,0.6100057162958403,0.4173617539039439,0.5072904913172444
Bihar,begusarai,0.7006387389849512,0.5664739248966669,0.4880884542336809,0.5129859498736344
Bihar,bhagalpur,0.7941138030649448,0.5456644094626681,0.579063568853305,0.2903121361188936
Bihar,bhojpur,0.4727042763791423,0.5495920072364536,0.2631475230038754,0.7165735182931429
Bihar,buxar,0.6221572939557504,0.6480593908480639,0.25,0.4050995108177652
Bihar,darbhanga,0.8057922584879684,0.4554825139975962,0.4787498273846832,0.4026027117665234
Bihar,east champaran,0.6224283900652822,0.2617184064726057,0.4542853367140489,0.4436345842005728
Bihar,gaya,0.6715520981239138,0.4152119426611555,0.631110171846128,0.3730201641842418
Bihar,gopalganj,0.7562691814694225,0.5637257057426788,0.5571574788848173,0.2508331680012903
Bihar,jamui,0.604201770501639,0.6473402735027702,0.6394932694945583,0.4324802595596068
Bihar,jehanabad,0.5361200120142939,0.7291822399085393,0.405548547384821,0.615158924639066
Bihar,kaimur,0.7525506141476975,0.701246592208249,0.6209363822856752,0.3639064064095965
Bihar,katihar,0.8086841444976376,0.4987421008329459,0.5659337847548316,0.3627601249008234
Bihar,khagaria,0.679463849866426,0.6205955207692082,0.3464138317497055,0.5126023808140437
Bihar,kishanganj,0.7285541259159569,0.6341900448509366,0.4480553225774609,0.75
Bihar,lakhisarai,0.5609868013811337,0.6998018141387239,0.3890472782281866,0.4949254167394166
Bihar,madhepura,0.6765276702664009,0.6145860815524873,0.4307743831514848,0.4326294404828172
Bihar,madhubani,0.7537758356865203,0.478311054436725,0.6531848784136804,0.3632605214565401
Bihar,munger,0.5773415446855494,0.7146579016797115,0.5454234589986523,0.4664666143549428
Bihar,muzaffarpur,0.7962491314454565,0.450092340163574,0.5580830436895796,0.3814062499419844
Bihar,nalanda,0.6224044352756785,0.5377354046006759,0.2959215882220275,0.748027065114349
Bihar,nawada,0.623853420164626,0.5270409060642989,0.3908310474694637,0.55261302239464
Bihar,patna,0.6913682425957911,0.480630551402691,0.4731968764482387,0.5084548943326148
Bihar,purnia,0.8413895951325104,0.4812791311230323,0.7138966464907569,0.2954488634085312
Bihar,rohtas,0.7696745116538134,0.6205771993081817,0.2941194451416051,0.4690562944304859
Bihar,saharsa,0.5993514330856871,0.6074498724826313,0.75,0.41131843300239
Bihar,samastipur,0.6685505445024408,0.4332245562018668,0.3753351300154136,0.5985764654563765
Bihar,saran,0.6258786732557509,0.4186059933163309,0.4789896021361879,0.5768425266262761
Bihar,sheikhpura,0.6341142422523947,0.7423233078298596,0.5470319299022643,0.5954214976798147
Bihar,sheohar,0.6339576313724056,0.7422317005247266,0.3554728412109607,0.5733230639788762
Bihar,sitamarhi,0.7347159303881929,0.3044257321255825,0.5813546730561389,0.25
Bihar,siwan,0.7515641410750732,0.5535023304898425,0.6056250764643889,0.3660552380862165
Bihar,supaul,0.6527715805518148,0.5840258845601384,0.3836813415188326,0.4528351674960933
Bihar,vaishali,0.7599439878701448,0.4710557558701961,0.5186674774223029,0.4244694574722932
Bihar,west champaran,0.7063611584850984,0.25,0.384752470802773,0.3974444363911634
Chandigarh,chandigarh,0.5684404091483737,0.25,0.25,0.75
Chhattisgarh,balod,0.8282668467430468,0.6337046312563077,0.8542860075295271,0.5191397562155821
Chhattisgarh,baloda bazar,0.8476091867186021,0.474105707771091,0.8338650056381262,0.4896882720511536
Chhattisgarh,balrampur,0.8763083634009178,0.4042443838074235,0.8009323242884885,0.415287924514086
Chhattisgarh,bastar,0.9100556034256698,0.2881826337233207,0.7969449341617941,0.4533282072299018
Chhattisgarh,bemetara,0.824073554378186,0.5571010727768848,0.8758096969434171,0.5677706908980505
Chhattisgarh,bijapur,0.6268689504611851,0.5418613488829913,0.9289921982544636,0.4941480784154244
Chhattisgarh,bilaspur,0.9282915645298456,0.25,0.845678251259615,0.4236992851886359
Chhattisgarh,dakshin bastar dantewada,0.838500738490558,0.6655234926924083,0.943974983475565,0.4564865339941288
Chhattisgarh,dantewada,0.8711571849729498,0.7015474900011214,1.0,0.3941308808879179
Chhattisgarh,dhamtari,0.863258026658049,0.6133798078720143,0.8970294020787336,0.4153658965646063
Chhattisgarh,durg,0.8444462476650532,0.5599745822898367,0.9489986504766144,0.5090528289058538
Chhattisgarh,gariyaband,0.8336999963226253,0.6432362725675626,0.8416898589626975,0.4842531707562548
Chhattisgarh,gaurela-pendra-marwahi,0.824820438019928,0.7414962807909393,0.6260612129796981,0.431445912878907
Chhattisgarh,gaurella pendra marwahi,0.6745119086753991,0.6135199790677681,0.0,0.3408517250453859
Chhattisgarh,janjgir - champa,0.8977927684516767,0.4238683512129481,0.8631063807497341,0.4084569973326017
Chhattisgarh,janjgir champa,0.79721496282618,0.7495561245467798,0.7824906870533618,0.4856526718261915
Chhattisgarh,jashpur,0.8442210858881982,0.573080589092812,0.8096008784150249,0.546841993929973
Chhattisgarh,kabeerdham,0.7926417012231645,0.6843765185212873,0.8901757626004453,0.5775346035843455
Chhattisgarh,kanker,0.7822206753054604,0.6318123201136321,0.8445066536284016,0.6528397362489831
Chhattisgarh,kawardha,0.8276548687432456,0.6011849138414384,0.7942986828028961,0.5201932859462537
Chhattisgarh,khairagarh chhuikhadan gandai,0.8102116630905503,0.7340672074159907,0.5329047068618807,0.5102659260889214
Chhattisgarh,kondagaon,0.8114523862575787,0.5383882181437596,0.8126269541031892,0.6002978289311947
Chhattisgarh,korba,0.9250734428729908,0.5030650768138153,0.840447282702264,0.259536445444415
Chhattisgarh,koriya,0.8284293681749777,0.6277473554367734,0.8493326893526203,0.4904856882540902
Chhattisgarh,mahasamund,0.83464084556147,0.5157505700295294,0.8052444731498289,0.5466161070282657
Chhattisgarh,manendragarh–chirmiri–bharatpur,0.7804932209796425,0.7307030987179008,0.5328051518957538,0.5713865201437912
Chhattisgarh,mohalla-manpur-ambagarh chowki,0.7526423731037866,0.75,0.7413293693789199,0.7230918163395526
Chhattisgarh,mohla-manpur-ambagarh chouki,0.7777478933815869,0.7331560946435913,0.5396423418168138,0.5949737017637056
Chhattisgarh,mungeli,0.8047389655208856,0.5440651515717864,0.8544793413528677,0.6171892588600766
Chhattisgarh,narayanpur,0.7626018566332589,0.6979030389115239,0.9122864626747113,0.6518607580268063
Chhattisgarh,raigarh,0.9308883662934796,0.4734328860314731,0.912376350905276,0.25
Chhattisgarh,raipur,0.6876639719378328,0.4223264680596569,0.868093676360044,0.5053938022597743
Chhattisgarh,rajnandgaon,0.8651495916354126,0.4580000373789855,0.8425070202730467,0.5115147948976377
Chhattisgarh,sakti,0.8148053614649831,0.7194193174597241,0.5686293379710398,0.5092926948477877
Chhattisgarh,sarangarh-bilaigarh,0.7000537502773472,0.7382723432886031,0.5721913313499355,0.7093442313320941
Chhattisgarh,sukma,0.6301831008915202,0.6640416829087259,0.9351811265354696,0.75
Chhattisgarh,surajpur,0.8753326662576004,0.5426634396142489,0.8275985275015407,0.3937019795841889
Chhattisgarh,surguja,0.8422578184520763,0.5020838784435391,0.7561803784575822,0.5346734080100805
Chhattisgarh,uttar bastar kanker,0.7880797368719004,0.6890722535790379,0.8406288033112591,0.6057062423362735
Dadra & Nagar Haveli and Daman & Diu,dadra and nagar haveli,0.6012597647058824,1.0,0.4208658823529412,0.25
Dadra & Nagar Haveli and Daman & Diu,daman,0.5088972183708383,0.0649650874300045,0.8780681913378571,0.7316357533249316
Dadra & Nagar Haveli and Daman & Diu,diu,0.4913987006271441,0.0,0.8879956687571471,0.75
Delhi,central delhi,0.7476376172236703,0.6404863060465822,0.6429419395042653,0.4953923081099297
Delhi,east delhi,0.8470827883555543,0.4475823786763776,0.5442137492789134,0.3085129106278704
Delhi,najafgarh,0.7601734386308932,0.75,0.75,0.4117742510960848
Delhi,new delhi,0.8726785694381108,0.6967469409431324,0.6462688600327611,0.3045267896544928
Delhi,north delhi,0.6856433156180026,0.5876613523795073,0.5665675450985671,0.3827936834664313
Delhi,north east delhi,0.887046161427698,0.25,0.658197422103324,0.25
Delhi,north west delhi,0.7571523719368113,0.3272475532964116,0.6200233141263274,0.5586751598357389
Delhi,shahdara,0.5177039562886456,0.7054282679614596,0.25,0.6979001995743143
Delhi,south delhi,0.6982566190128522,0.3565169562248692,0.6249972615967003,0.5537735086379896
Delhi,south east delhi,0.6904320923291981,0.748748198164024,0.3860274804295969,0.7409479191920827
Delhi,south west delhi,0.7916935110996162,0.4856169233492654,0.5729091031620202,0.3347382528414134
Delhi,west delhi,0.6972126246070741,0.26547682269934,0.552916729631155,0.75
Goa,north goa,0.6,0.25,0.75,0.75
Goa,south goa,0.7,0.75,0.25,0.25
Gujarat,ahmedabad,0.8495056294114282,0.2612143003102459,0.771599458622147,0.5741097563324202
Gujarat,amreli,0.772612267606896,0.6791835504376427,0.8697145043788506,0.57262436229476
Gujarat,anand,0.7615161424209299,0.6446507804478089,0.9671139331719428,0.5832451119051678
Gujarat,arvalli,0.7669497492799338,0.725885777950749,0.9497196522720404,0.6613001103989129
Gujarat,banas kantha,0.8549776959240958,0.25,0.7678515954090251,0.6068326991599404
Gujarat,bharuch,0.7736973601725512,0.6787447631693413,0.7738628272989847,0.5928135870399591
Gujarat,bhavnagar,0.8037574454850844,0.5541291789717879,0.8451012693761027,0.5877070139443499
Gujarat,botad,0.7223756378301502,0.7167094007310577,0.8444537825596488,0.647287842062345
Gujarat,chhotaudepur,0.5679219580525557,0.7013751635383466,0.9942150607564038,0.5867856440273312
Gujarat,dang,0.5951822155851367,0.7125504605358546,,0.25
Gujarat,devbhumi dwarka,0.6929653382219615,0.730932891408842,0.9732082066170004,0.5887259112917558
Gujarat,dohad,0.8462105928201785,0.3901219447051731,0.9443846047778754,0.551298086904597
Gujarat,gandhinagar,0.7622324238280715,0.6694433209794579,0.7301360185523964,0.5511740586308296
Gujarat,gir somnath,0.7503157893224067,0.6691041617382589,0.9471805034925694,0.5353808814870602
Gujarat,jamnagar,0.7364221016750894,0.661032171797722,0.8004423140052472,0.6226324391585193
Gujarat,junagadh,0.7527444287311835,0.6289792009384052,0.8134931179675431,0.694890403684463
Gujarat,kachchh,0.820873817405429,0.6153152018802989,0.786200336222898,0.5306253816617115
Gujarat,kheda,0.7968202583934619,0.6284559266805552,0.9157151557543554,0.5813750914639693
Gujarat,mahesana,0.7998745800462795,0.6480254148977392,0.844939310358487,0.5857589421127314
Gujarat,mahisagar,0.7536050521498022,0.722928733316545,0.9663032661437824,0.6505979745481443
Gujarat,morbi,0.7808503413753529,0.6465110688857856,0.7009690163897987,0.5497292863192786
Gujarat,narmada,0.6864377242696313,0.7393864354957278,0.8219470865782814,0.6877885287140608
Gujarat,navsari,0.7738033265887967,0.7205376606660918,0.8231968764867527,0.617498365576706
Gujarat,panch mahals,0.7812096923085599,0.6282693890978958,0.9464506410890288,0.5929354594994801
Gujarat,patan,0.7826777723379761,0.6247319582121899,0.8100446841773165,0.5566187108571234
Gujarat,porbandar,0.7676021100116625,0.7243786390726707,0.8437082214559879,0.603552075490472
Gujarat,rajkot,0.8385787028521555,0.4457847593707579,0.6627173758293424,0.5506767860105616
Gujarat,sabar kantha,0.785310848790173,0.6296938579109317,0.8751414587289601,0.5958779740289974
Gujarat,surat,0.8653870719648082,0.2829544076711037,0.5,0.5532032115369327
Gujarat,surendranagar,0.7814593819733794,0.5963290675579771,0.8362066956779362,0.6199595889299998
Gujarat,tapi,0.7856899941849179,0.7217077600482285,0.9354795431763316,0.599622103110909
Gujarat,the dangs,0.7,0.75,1.0,0.75
Gujarat,vadodara,0.7667174639125062,0.5606003372938654,0.7952451586168695,0.5507647087233709
Gujarat,valsad,0.790546667288506,0.63376376880532,0.795658296809097,0.55327737029451
Haryana,ambala,0.8704078582733722,0.6145437766510384,0.6183190010087173,0.4493287442905577
Haryana,bhiwani,0.8335513019676307,0.5899876954409486,0.7000711043241731,0.431904057142592
Haryana,charkhi dadri,0.7609896800056034,0.75,0.38125338453828,0.4335225006629872
Haryana,faridabad,0.6947694797701989,0.25,0.3479313542255668,0.3791507536316056
Haryana,fatehabad,0.7981013691286007,0.6423881451937968,0.5870620791528789,0.491835054515894
Haryana,gurugram,0.6697987171546224,0.4677270509366314,0.25,0.25
Haryana,hisar,0.8835575354250566,0.4859293124297261,0.6024925934089772,0.403566976031406
Haryana,jhajjar,0.788657056777896,0.6378800093344931,0.6108827758472086,0.4435389855986968
Haryana,jind,0.7989960656775211,0.571318709294185,0.6657561423629097,0.5629116101368099
Haryana,kaithal,0.6863625820113343,0.6200596134671277,0.627053348735813,0.6670300577401644
Haryana,karnal,0.7872892280206087,0.5506343212338503,0.7101934500421664,0.5713411071729466
Haryana,kurukshetra,0.7946005853139717,0.651510490697329,0.6955425500237085,0.4841701239445314
Haryana,mahendragarh,0.7156820610958228,0.6384634151515794,0.6454092563112163,0.551519227286491
Haryana,nuh,0.6233107404133361,0.343161574619877,0.5256908312943596,0.5383704553406199
Haryana,palwal,0.7346832770091765,0.5102202091775039,0.4152507630277885,0.5622174761700336
Haryana,panchkula,0.6139129315130464,0.713775802448183,0.4693372157651911,0.4948102658293005
Haryana,panipat,0.583787580597804,0.4957714443309623,0.5593343355471772,0.75
Haryana,rewari,0.7794987227719145,0.6514044169124042,0.4545103294545828,0.4345159097831486
Haryana,rohtak,0.7654942543295418,0.5966173069987484,0.75,0.519964062933894
Haryana,sirsa,0.8315294431991704,0.5958747905042747,0.6082026683402308,0.4537386895059906
Haryana,sonipat,0.6588888318959757,0.5157360459935931,0.5253104327223099,0.5471715335000911
Haryana,yamunanagar,0.7674347159235984,0.5842066741625475,0.6328077871869996,0.476073666517986
Himachal Pradesh,bilaspur,0.6965425895522708,0.6350574712643678,0.6350060046215943,0.3640966103277692
Himachal Pradesh,chamba,0.6285843398121667,0.5374647581869443,0.3068547758460437,0.6416393724526015
Himachal Pradesh,hamirpur,0.8204373887991606,0.6084905660377359,0.6822202962288728,0.3156701580464129
Himachal Pradesh,kangra,0.8364956672205978,0.25,0.5868687856864057,0.4022938006000054
Himachal Pradesh,kinnaur,0.6350549447426526,0.7390479288657559,0.6381582117918478,0.75
Himachal Pradesh,kullu,0.3980272440318765,0.6191792917557394,0.4776010508828118,0.5778109673421279
Himachal Pradesh,lahaul and spiti,0.7134221626631694,0.75,0.75,0.6828891866841528
Himachal Pradesh,mandi,0.7476019379885347,0.439112990674474,0.7005089147682941,0.391187858317215
Himachal Pradesh,shimla,0.7191712699884306,0.5385491216655823,0.5285043616990448,0.4752698453647899
Himachal Pradesh,sirmaur,0.7318273971393066,0.5452721752331382,0.25,0.2748722769708673
Himachal Pradesh,solan,0.8483983687320752,0.6042615484710475,0.6809851903909692,0.25
Himachal Pradesh,una,0.8378063642075613,0.6003578399479506,0.6084372686593469,0.3535446927195922
Jammu and Kashmir,anantnag,0.8082293727075177,0.323599196933747,0.6287052674966382,0.6532437163997102
Jammu and Kashmir,bandipora,0.7523173655236869,0.75,0.7621550833716058,0.6612822583851885
Jammu and Kashmir,bandipore,0.7193322345419109,0.5551651761270304,0.6867953902220487,0.6584894270716637
Jammu and Kashmir,baramulla,0.8162552809043511,0.3216371600657054,0.7772816396563496,0.5756594022880024
Jammu and Kashmir,budgam,0.8302099911214146,0.4132445093386871,0.6410376657514589,0.5796326618592924
Jammu and Kashmir,doda,0.638421536505386,0.406962949443329,,0.25
Jammu and Kashmir,ganderbal,0.7549304140346942,0.6415100079089858,0.5831336193977164,0.62832921183326
Jammu and Kashmir,jammu,0.8158596323641408,0.25,0.9340492538060248,0.5547585753176436
Jammu and Kashmir,kargil,0.7337433374511805,0.688142605098254,0.5,0.6700101739020548
Jammu and Kashmir,kathua,0.843140126192527,0.3915252174971101,0.761679081555592,0.569477714919505
Jammu and Kashmir,kishtwar,0.7407399185977175,0.5808237512928149,0.9128711874789952,0.5774959878558661
Jammu and Kashmir,kulgam,0.7600575796159654,0.5890217192918416,0.7847098082315722,0.6479026957848761
Jammu and Kashmir,kupwara,0.8203624890823316,0.3751292814990569,0.6324267117772597,0.5662408826360875
Jammu and Kashmir,leh,0.7637073336821157,0.7267901685222364,0.7464493408035924,0.658730259463175
Jammu and Kashmir,poonch,0.7734501718686608,0.4748585508304435,0.655253507052555,0.5655020798353266
Jammu and Kashmir,pulwama,0.7505848630257159,0.5054450325485186,0.7330007852192418,0.6638864986451787
Jammu and Kashmir,rajouri,0.8163025748072826,0.4203778061690089,0.9654949608352902,0.5955108936164815
Jammu and Kashmir,ramban,0.7244385989255264,0.5111942568595242,1.0,0.75
Jammu and Kashmir,reasi,0.778578157150824,0.5152400073006023,0.8097849424383672,0.5715876724347714
Jammu and Kashmir,samba,0.8067092002258114,0.676963557826854,0.8340862858156388,0.5821123944651259
Jammu and Kashmir,shopian,0.5525095820405184,0.4874520897974083,,0.25
Jammu and Kashmir,srinagar,0.8288072155833646,0.3407404027498935,0.6870621763190324,0.6551555211820803
Jammu and Kashmir,udhampur,0.8411026772745138,0.3854565918354931,0.842920648610961,0.5661404859879153
Jharkhand,bokaro,0.8448987775631942,0.5605394424083463,0.5277971929737322,0.3059300461017014
Jharkhand,chatra,0.5241626664342179,0.5893323419552006,0.5276032116253834,0.75
Jharkhand,deoghar,0.4898243248903105,0.5554474081706732,0.353520527531666,0.4531953360963222
Jharkhand,dhanbad,0.788271365924597,0.4073363933351287,0.5584704938235275,0.3097121999524647
Jharkhand,dumka,0.6467332160698319,0.6412640656651405,0.5706547153063053,0.4734915330392388
Jharkhand,east singhbhum,0.8333045604857656,0.4880112525321124,0.75,0.2505493555466649
Jharkhand,garhwa,0.8186902690714899,0.5327945154151493,0.6163188397271528,0.3295680747013912
Jharkhand,giridih,0.5494336158373753,0.25,0.4033013161865211,0.4313750716931087
Jharkhand,godda,0.8725388558762663,0.6353494607917755,0.4621994688665313,0.2587787031956636
Jharkhand,gumla,0.7808348191628488,0.5720495767127618,0.5621446198297744,0.4586896569796747
Jharkhand,hazaribagh,0.7480613642678644,0.5748597824432398,0.4556200498183333,0.3223109144667234
Jharkhand,jamtara,0.6212994060662311,0.6351269861714459,0.3350064334517259,0.3962739836316533
Jharkhand,khunti,0.6262395535298788,0.743191105698863,0.6575332677106924,0.4116513670024223
Jharkhand,koderma,0.5752009092295834,0.6825843354448906,0.4992430801558132,0.3097832917053966
Jharkhand,latehar,0.6673000502834038,0.7202879289954686,0.2966365779636188,0.4974909439738501
Jharkhand,lohardaga,0.7001321105129659,0.7338471716450241,0.6876725608321583,0.3379043580453611
Jharkhand,pakur,0.5960098980921649,0.6070234652178494,0.5389582092330563,0.4957695428990157
Jharkhand,palamu,0.8322404776779259,0.4334127606758544,0.3484975252455512,0.3981983433924523
Jharkhand,ramgarh,0.7755984184967963,0.704468812570987,0.378567796606752,0.3712831751792168
Jharkhand,ranchi,0.8691457490067525,0.3557208177698675,0.6853650088129999,0.25
Jharkhand,sahibganj,0.5584942603216492,0.5476300598339636,0.25,0.527592426012931
Jharkhand,seraikela-kharsawan,0.7870984111722924,0.6449217240612156,0.5742954556558084,0.2824546646038359
Jharkhand,simdega,0.7530851817379969,0.75,0.5941712316956405,0.6087361430510132
Jharkhand,west singhbhum,0.6597788481923447,0.5667804409681159,0.5643543203560633,0.591528841077071
Karnataka,bagalkot,0.8349607145074733,0.6229677597134197,0.8914726683211263,0.4319035836389349
Karnataka,bagalkote,0.7011490170095669,0.6907956283503853,0.443873169260417,0.4648952257002833
Karnataka,ballari,0.7519826684896399,0.6918944804953744,0.6710001864390607,0.4731998527626342
Karnataka,belagavi,0.7086624063140886,0.6187911141469788,0.5983704571995552,0.6002690016346779
Karnataka,bengaluru rural,0.4022293979259464,0.7149852248934558,0.25,0.5972605700835181
Karnataka,bengaluru urban,0.6666492465532273,0.4166666666666667,0.7034232989121185,0.4909694423161785
Karnataka,bidar,0.7220916085513821,0.7124608348306432,0.6693143795775591,0.5155087293368021
Karnataka,chamarajanagar,0.6120035751168852,0.7349650297729534,0.6381226016262203,0.75
Karnataka,chikkaballapur,0.8067251927126161,0.6980573160650316,0.8853091541156379,0.4739271610783793
Karnataka,chikkaballapura,0.6801626256010735,0.7312601161219429,0.419911262728046,0.7183169511346208
Karnataka,chikkamagaluru,0.7540857909727905,0.7377418588420475,0.6523382707946193,0.6041781100699194
Karnataka,chitradurga,0.6910155865300786,0.7176358344594094,0.4870210837128064,0.6502534631123742
Karnataka,dakshina kannada,0.7332737907640722,0.7024152473159794,0.5394147668334495,0.5323147536453765
Karnataka,davanagere,0.889525188301089,0.7108274059664701,0.75,0.25
Karnataka,davangere,0.8564936915617103,0.6689583907412511,0.9690427593722042,0.3962826027559444
Karnataka,dharwad,0.790903836285292,0.7118817100515272,0.6183157573213939,0.4532036593901584
Karnataka,gadag,0.6478268586654384,0.7194771542699315,0.5467570655900279,0.5969719707379041
Karnataka,hasan,0.7858126446047187,0.7360292091485258,0.9139688868313154,0.5267402388376227
Karnataka,hassan,0.7968788501161124,0.7270874478416465,0.4572801779351602,0.5060993453133733
Karnataka,haveri,0.7876459701079435,0.7197147439229021,0.4273530224329939,0.5117331636525757
Karnataka,kalaburagi,0.7548183352821947,0.6706970286444025,0.658230323677718,0.4166710913374386
Karnataka,kodagu,0.7784707665827737,0.75,0.5791391957257166,0.4056293019096841
Karnataka,kolar,0.7757912299484566,0.723337986130704,0.5969849988366713,0.5310757687876311
Karnataka,koppal,0.7039748486968779,0.70891926406605,0.4960572605214864,0.5035200856463657
Karnataka,mandya,0.7727311658105623,0.7269538036618506,0.6103841192566499,0.6116899463987415
Karnataka,mysuru,0.7364571897683619,0.6920726727351023,0.6072110472362379,0.4303811617834011
Karnataka,raichur,0.6746596860311078,0.667192581263086,0.6795342986077808,0.4587524643052356
Karnataka,ramanagar,0.8156729036691633,0.7034720308624965,0.8941203243322845,0.446044315493249
Karnataka,ramanagara,0.7308266915762941,0.7326633800098006,0.4541664668426229,0.5481775362529118
Karnataka,shivamogga,0.7522084286218597,0.717606135752788,0.6161353524238269,0.5359885673265108
Karnataka,tumakuru,0.7601766837805852,0.7019474926866935,0.6720500371635265,0.5613793288788911
Karnataka,udupi,0.6760442016676097,0.7286095065559894,0.5254580120017898,0.6423538995187824
Karnataka,uttara kannada,0.728677143952566,0.7286020818793342,0.5268070171603407,0.5263319503156033
Karnataka,vijayanagara,0.6321406825141602,0.7413502516965387,0.5300087402232168,0.592366038223297
Karnataka,vijayapura,0.6586957481349884,0.6647647119967925,0.6090234485287457,0.6097561590982568
Karnataka,yadgir,0.6051830342174549,0.6928671131372228,0.6579081844120802,0.455749982855635
Kerala,alappuzha,0.6882760800300095,0.6704874377677434,0.6063530948379352,0.4397955116629359
Kerala,ernakulam,0.65389152170901,0.57438925552854,0.5218836464377998,0.3522370522771071
Kerala,idukki,0.7926355347333445,0.7417506078499478,0.7300982328404058,0.3961705636397141
Kerala,kannur,0.6533340782354646,0.5803519740650689,0.4841884778944244,0.4605532251324545
Kerala,kasaragod,0.6877420950815648,0.658069931689244,0.5994241455039084,0.3178786773945521
Kerala,kollam,0.7118291340762711,0.6151441472733589,0.5961102312950267,0.3736712199042948
Kerala,kottayam,0.7425961134988439,0.6829917795530855,0.6494143253031448,0.5189546131705896
Kerala,kozhikode,0.6475228437305117,0.552332985990506,0.3804873781491792,0.6618703106887952
Kerala,malappuram,0.5767299181349002,0.25,0.25,0.75
Kerala,palakkad,0.757356045530919,0.5508278337385667,0.75,0.299652274470591
Kerala,pathanamthitta,0.7609023036669573,0.7326039133958551,0.7292935293244698,0.4152728390280308
Kerala,thiruvananthapuram,0.6571099703225454,0.5617980780363552,0.53426474839409,0.25
Kerala,thrissur,0.6288978596096418,0.5509725599166377,0.6380781165615156,0.3292395077380313
Kerala,wayanad,0.7913923513016428,0.75,0.5734045981095868,0.406531880447469
Ladakh,kargil,0.7,0.25,0.75,0.25
Ladakh,leh,0.6,0.75,0.25,0.75
Lakshadweep,lakshadweep,0.65,0.5,0.5,0.5
Madhya Pradesh,agar malwa,0.6399285812413392,0.6606564019448946,0.4724477417965168,0.4441400040826507
Madhya Pradesh,alirajpur,0.7420699615743265,0.6044609091610713,0.7313792365699566,0.3315289248814805
Madhya Pradesh,anuppur,0.7346213465878298,0.638776337115073,0.6035894154177761,0.6397637353766203
Madhya Pradesh,ashok nagar,0.8278360691175906,0.5764837539553909,0.5911896032514338,0.4054884819526949
Madhya Pradesh,balaghat,0.7828336203844062,0.5398323024509641,0.5046211776776099,0.4482139535211741
Madhya Pradesh,barwani,0.8503481725285713,0.2827622134753416,0.659042764163738,0.4669862432557133
Madhya Pradesh,betul,0.7752508056681247,0.5468713822644131,0.6699102073601183,0.4445981215296352
Madhya Pradesh,bhind,0.8560350100764698,0.4745542949756888,0.4984955078707389,0.2759036423345396
Madhya Pradesh,bhopal,0.9358336602991608,0.4202144593655939,0.5570055025597542,0.284037091815396
Madhya Pradesh,burhanpur,0.7324799616874411,0.5436250675310643,0.6660662579135663,0.4570445483698778
Madhya Pradesh,chhatarpur,0.8417703635576153,0.3446399629543876,0.6701954075997137,0.2862062930207744
Madhya Pradesh,chhindwara,0.8513824987813378,0.4431291965732808,0.5788262892814013,0.4210128340996081
Madhya Pradesh,damoh,0.7094408720689317,0.5375955082194952,0.5549634566393219,0.5422743332261271
Madhya Pradesh,datia,0.8077829457879764,0.6023529752257467,0.4219168977662284,0.3153587955288769
Madhya Pradesh,dewas,0.8421676115017345,0.5233850428339893,0.6504296673888955,0.3133026414607052
Madhya Pradesh,dhar,0.7808027542735296,0.409708555221116,0.5899070391562357,0.357562650298684
Madhya Pradesh,dindori,0.620537638169259,0.6512213475341514,0.4956998113703309,0.75
Madhya Pradesh,guna,0.7705696703146179,0.4892842671914795,0.6401382121053718,0.4768744862135213
Madhya Pradesh,gwalior,0.8247015522104439,0.3907849039129428,0.4709019243591175,0.2797971129688934
Madhya Pradesh,harda,0.6003069729563911,0.650874044917805,0.6933538051347496,0.5935061423833332
Madhya Pradesh,indore,0.9032928155937096,0.25,0.526685512478593,0.3038066157337643
Madhya Pradesh,jabalpur,0.909214354612255,0.4413130933086363,0.5372386810984107,0.2663056012380356
Madhya Pradesh,jhabua,0.8347995899246253,0.4491587558848499,0.6675769584314153,0.25
Madhya Pradesh,katni,0.8301181671089946,0.511943351084356,0.524850778407745,0.3874551614780133
Madhya Pradesh,khandwa,0.8144801720044235,0.565427954001698,0.7396695165792777,0.376940303584544
Madhya Pradesh,khargone,0.8357624835820883,0.4107625221887783,0.75,0.3939034493718349
Madhya Pradesh,maihar,0.5474395498316131,0.7394940958555221,0.25,0.3870547883715297
Madhya Pradesh,mandla,0.7004136996727335,0.5852627923130355,0.4663972132476922,0.6769263119086112
Madhya Pradesh,mandsaur,0.7431275666321101,0.4700740912248206,0.5452167142247893,0.442595198921818
Madhya Pradesh,mauganj,0.7488204851628604,0.7399571660106505,0.3354677823295995,0.3246144831067067
Madhya Pradesh,morena,0.862758724652949,0.2643937639885776,0.6092364184244812,0.3548589672669391
Madhya Pradesh,narmadapuram,0.7764632712391262,0.5624317798432177,0.7464826605352154,0.54131841324998
Madhya Pradesh,narsinghpur,0.7926375155548789,0.5690553368835378,0.6607620716646782,0.3779840677978481
Madhya Pradesh,neemuch,0.7156670082831618,0.5884174577448483,0.4641847019494593,0.5440969860469081
Madhya Pradesh,niwari,0.7662697509204011,0.7482345450335726,0.4752300417278365,0.3862809669214259
Madhya Pradesh,pandhurna,0.7898458851924517,0.75,0.4025233027039417,0.3899641770907472
Madhya Pradesh,panna,0.796058823340576,0.5460368912556919,0.7240431848396403,0.3528971645015183
Madhya Pradesh,raisen,0.8087383825072033,0.5268084543379751,0.6200893205515178,0.4503643963151755
Madhya Pradesh,rajgarh,0.6773309293374472,0.4429555452651076,0.6612388641329361,0.5579506925090099
Madhya Pradesh,ratlam,0.8160878313352166,0.4769912016670525,0.6251436529028549,0.5143181501009102
Madhya Pradesh,rewa,0.892114909317311,0.3923361889326233,0.517093566947433,0.3244346972267552
Madhya Pradesh,sagar,0.8189333901758615,0.4102946283862005,0.6129002091822323,0.3671686978223564
Madhya Pradesh,satna,0.691850039928053,0.4265310257003936,0.5953881553681406,0.2892789732537431
Madhya Pradesh,sehore,0.7651938836049358,0.5456868322693745,0.6912419398736801,0.5468717656785435
Madhya Pradesh,seoni,0.7295501815899594,0.5416184301921741,0.4424976542175904,0.4373870348140126
Madhya Pradesh,shahdol,0.756934988316116,0.5597939337809679,0.506085635717886,0.5535473500625138
Madhya Pradesh,shajapur,0.7207124591367002,0.5030388978930308,0.6639039800063478,0.5978032369378711
Madhya Pradesh,sheopur,0.7210385304381612,0.5656040171335958,0.5381171153182422,0.3646537721738447
Madhya Pradesh,shivpuri,0.7816064812678283,0.4041951261866173,0.6409294685924666,0.4465082032379462
Madhya Pradesh,sidhi,0.8108732125969584,0.5492012039824034,0.5124991139256159,0.4145313127845925
Madhya Pradesh,singrauli,0.7898232588272047,0.5328200972447326,0.4236977665016364,0.4798783954248952
Madhya Pradesh,tikamgarh,0.8039638766246504,0.4968453345681871,0.5709033899461571,0.4804458672283243
Madhya Pradesh,ujjain,0.8575068221860171,0.2655707339661959,0.5817733481857121,0.3824587110225385
Madhya Pradesh,umaria,0.7762156590204531,0.5827737902292197,0.4352983342506247,0.3311103164417333
Madhya Pradesh,vidisha,0.8398051908339488,0.5207030948522035,0.5924369242774548,0.3482403911552073
Maharashtra,ahilyanagar,0.5880256087679097,0.568366242421241,0.4322526729848811,0.7241052958060636
Maharashtra,akola,0.6688275237323884,0.6827677289141467,0.5436091836064991,0.3968883197104332
Maharashtra,amravati,0.7496591109645186,0.6457014198897764,0.6028119168541377,0.3452854200149483
Maharashtra,beed,0.6992467248625578,0.6226968944480211,0.4578888109256097,0.4766358493171839
Maharashtra,bhandara,0.8059232314175651,0.7311813313146891,0.5069020389891595,0.3489350017302046
Maharashtra,buldhana,0.4826721933032713,0.6224307514429837,0.4203312292718126,0.5938653795718961
Maharashtra,chandrapur,0.665666907050366,0.7032584241841117,0.4056154288316904,0.5576398119062098
Maharashtra,chhatrapati sambhajinagar,0.6842143551429102,0.5177085323089186,0.4112769617396294,0.4384396663903361
Maharashtra,dharashiv,0.6029293393598472,0.6909996331269209,0.25,0.6110977325001099
Maharashtra,dhule,0.7356961088295284,0.584921011114334,0.606476753534187,0.25
Maharashtra,gadchiroli,0.6851882886980819,0.7238236563399811,0.5257973058692549,0.3831455592240335
Maharashtra,gondia,0.6770821245048341,0.7112130259145802,0.2952521818113494,0.4312666778615808
Maharashtra,hingoli,0.5693651159218426,0.6692601291837933,0.3112709844048432,0.75
Maharashtra,jalgaon,0.6339079813311589,0.579034281577278,0.5807840786246707,0.3609231692971099
Maharashtra,jalna,0.7517777613810004,0.6515026636198347,0.4563743109645295,0.4170926311226732
Maharashtra,kolhapur,0.7874961905858128,0.6084531903303172,0.3572914347235774,0.4447554356886679
Maharashtra,latur,0.6657673830688154,0.6506625444820975,0.3850717447731866,0.3758400873181077
Maharashtra,mumbai,0.8517403637446351,0.4516225290390654,0.5154332562642245,0.2891409945514349
Maharashtra,mumbai suburban,0.7559635279117305,0.5303250583072159,0.2949341847144439,0.2968802761826862
Maharashtra,nagpur,0.8121261119291056,0.599562666402545,0.536888618915252,0.2659059139898298
Maharashtra,nanded,0.5519554405601504,0.601755819520006,0.3644137352411675,0.7076888571567095
Maharashtra,nandurbar,0.7214888882442277,0.628462764740701,0.75,0.3714252226159303
Maharashtra,nashik,0.7159127215710216,0.4117459267486859,0.5521854626123586,0.3591751926854443
Maharashtra,palghar,0.6996482607101353,0.6300663605685219,0.3808498973860619,0.4861474056602285
Maharashtra,parbhani,0.6652780999099924,0.6841169728827229,0.356658827878803,0.5607000840849514
Maharashtra,pune,0.783206711748644,0.3257840522394922,0.3808210784569791,0.3113705546092812
Maharashtra,raigad,0.6696009488678085,0.6372117949189595,0.3452458282652982,0.5101446386219672
Maharashtra,ratnagiri,0.8053311846131201,0.7189244352630723,0.4965575220255138,0.4687545864996837
Maharashtra,sangli,0.5715606936909784,0.651405386667044,0.5364796325351042,0.495186968467564
Maharashtra,satara,0.6001912779599311,0.6885504437008162,0.5221210565394945,0.6918008109247731
Maharashtra,sindhudurg,0.8433729300416056,0.75,0.3899660315855502,0.4328135927612091
Maharashtra,solapur,0.5744026732493209,0.5934194794444956,0.3314655870210108,0.7118175729580187
Maharashtra,thane,0.7970571943571707,0.25,0.3520581368594625,0.3057944812999743
Maharashtra,wardha,0.8105207641194945,0.7288113110103361,0.6129242856374403,0.2673925748323442
Maharashtra,washim,0.6957470381210381,0.7202774692427962,0.5220722228211101,0.5299176544693953
Maharashtra,yavatmal,0.5690557562236395,0.6490972698781031,0.353943805330827,0.7399536054028917
Manipur,bishnupur,0.6776405576037894,0.6145271229764271,0.305009492688287,0.5856823681158472
Manipur,chandel,0.7170556494701439,0.6374751491053678,0.4454488017190059,0.3821071871095934
Manipur,churachandpur,0.6512606312712921,0.25,0.75,0.2885125677035603
Manipur,imphal east,0.8090920052454746,0.5830019880715706,0.3560113854182353,0.5167226188988852
Manipur,imphal west,0.7133070495927871,0.5946464072706618,0.4555099688777536,0.75
Manipur,jiribam,0.8918195607520533,0.7310470510271703,0.3624629780468568,0.25
Manipur,kakching,0.824587624997827,0.7343605036447979,0.25,0.2683042755622322
Manipur,pherzawl,0.7595180355346336,0.75,0.7070337841490282,0.2950665408507273
Manipur,senapati,0.7928987009148802,0.5195162359178264,0.4426445313524403,0.4340286458028642
Manipur,tamenglong,0.6398554144498725,0.6032803180914513,0.4033638999725115,0.4693791123080852
Manipur,thoubal,0.8583837116071068,0.5937375745526838,0.292476770830997,0.4211653133693975
Manipur,ukhrul,0.7511263446161187,0.6407886017229953,0.3911200259008359,0.5558942751923797
Meghalaya,east garo hills,0.805408052334285,0.6534014401967099,0.6102130913155768,0.5023267731456276
Meghalaya,east jaintia hills,0.8372541477028677,0.6703208243077103,0.768786794355897,0.4535657326643224
Meghalaya,east khasi hills,0.7512711545369635,0.25,0.8052078989527489,0.4309713773994518
Meghalaya,eastern west khasi hills,0.5,0.75,0.0,0.75
Meghalaya,kamrup,0.5001170891633979,0.7494145541830104,0.0,0.25
Meghalaya,north garo hills,0.7405699039320679,0.7113215463575513,0.6874602228230273,0.5135619067515698
Meghalaya,ri bhoi,0.8549051966039475,0.6042181371114104,0.5780531432388356,0.4330779501462383
Meghalaya,south garo hills,0.7885336844278261,0.683727533516773,0.7466044939233679,0.4824999553697262
Meghalaya,south west garo hills,0.8318615958842649,0.6736968951856839,0.6757278377043819,0.4809576902279783
Meghalaya,south west khasi hills,0.6302104190241262,0.6967683390902172,0.922400365762462,0.3537158646429041
Meghalaya,west garo hills,0.8758438537885841,0.4551109419823195,1.0,0.4707562472057137
Meghalaya,west jaintia hills,0.7055998762182063,0.560959545694046,0.6921568246811367,0.4420740818574056
Meghalaya,west khasi hills,0.7713832626024053,0.4877905274866811,0.5319251310242301,0.4702045602108213
Mizoram,aizawl,0.8412316669987504,0.2572251691970001,0.6884983027284912,0.676168549577956
Mizoram,champhai,0.7373180137593981,0.3440317228043586,0.592222897151929,0.75
Mizoram,hnahthial,0.6664307058053429,0.75,0.4325330208361768,0.469062083104816
Mizoram,khawzawl,0.720243512019965,0.7353667459301262,0.557037530254525,0.3390913696457248
Mizoram,kolasib,0.7543961088809247,0.6340837231179284,0.7353203144206559,0.69328610368718
Mizoram,lawngtlai,0.7830744817950461,0.25,0.75,0.5972768781581275
Mizoram,lunglei,0.8227989189146279,0.5323303457106274,0.5307566631058585,0.6297445983774583
Mizoram,mamit,0.7931645541798363,0.6512255350283519,0.6780717506888032,0.6137580219696995
Mizoram,saiha,0.6419894165332545,0.5690963965611853,0.6280195661563661,0.5607964545517499
Mizoram,saitual,0.6743353725815282,0.7467806841046278,0.25,0.25
Mizoram,serchhip,0.6620049495578886,0.6973202853484544,0.6614134589132667,0.6971299281851513
Nagaland,chumukedima,0.5091634099192657,0.7137757009345794,0.3387836611758731,0.5561308754577121
Nagaland,dimapur,0.8976912277810921,0.25,0.677561760517013,0.5388407057015692
Nagaland,kiphire,0.7179754505378517,0.5853805073431242,0.619660147536834,0.7086722061441488
Nagaland,kohima,0.8252273392877345,0.4722616822429906,0.7207640726993212,0.5893707534549235
Nagaland,longleng,0.6171174787383016,0.5763444592790388,0.6665656459981932,0.47975425359991
Nagaland,meluri,0.7500224299065421,0.7498878504672897,0.75,0.25
Nagaland,mokokchung,0.7332866566235305,0.6570921228304406,0.6843768292552512,0.6382056626650543
Nagaland,mon,0.7793273590561819,0.3175674232309746,0.6579375991198377,0.6915412149290059
Nagaland,niuland,0.774996008548559,0.7489906542056075,0.4517702983304198,0.3552916714370909
Nagaland,noklak,0.6238107338393865,0.6886221628838451,0.5002453570070737,0.6418652135323747
Nagaland,peren,0.7062147663754771,0.5339626168224298,0.6672640696622782,0.75
Nagaland,phek,0.7951872089324954,0.5525046728971963,0.7263994181255449,0.6609293002951412
Nagaland,shamator,0.5761318288399901,0.6921981308411215,0.25,0.745446131514857
Nagaland,tseminyu,0.6080353552987945,0.75,0.4000312022920327,0.3547867585668326
Nagaland,tuensang,0.7643935403329464,0.478822429906542,0.6012786534817866,0.6319515597698219
Nagaland,wokha,0.7467310283689457,0.6463257676902536,0.7178634592658415,0.6548536840981868
Nagaland,zunheboto,0.7879993107651563,0.6080667556742323,0.6256145065737193,0.5984895473444716
Odisha,angul,0.8289100242025466,0.5656602847324497,0.8943953856232999,0.5470559983293694
Odisha,anugal,0.8224789681924826,0.75,0.7017287700035042,0.25
Odisha,anugul,0.762414486084612,0.7376656848306333,0.8137522242622691,0.640724072350475
Odisha,balangir,0.8902627274360301,0.4024300441826215,0.8984519445138953,0.4201486913494099
Odisha,baleshwar,0.8464525115925088,0.6749509081983309,0.8551196039742026,0.4143536451808555
Odisha,baleswar,0.9263243888993236,0.3810751104565537,0.9457790619467076,0.3144405568676484
Odisha,bargarh,0.9134106758876186,0.4288782523318605,0.8946389499216598,0.3321271502890275
Odisha,baudh,0.8159651717229703,0.7396293568973982,0.9405474386515796,0.4652722190274052
Odisha,bhadrak,0.8621821348586103,0.4502331860579283,0.8989723299930633,0.4880726125126756
Odisha,boudh,0.8479897367191167,0.6629847815414825,0.9216301838083432,0.4097580838515658
Odisha,cuttack,0.8500853252327312,0.4188757977417771,0.934841165813488,0.5461338639690282
Odisha,debagarh,0.8363618877721922,0.6961831124202258,0.8760111689250206,0.3988194607868831
Odisha,dhenkanal,0.8615154335230747,0.5652307314678449,0.902802843843746,0.4457921885654072
Odisha,gajapati,0.8551692912137773,0.6275159548355425,0.9416119280011662,0.4204080132892508
Odisha,ganjam,0.8452995993810756,0.2523318605792832,0.8730221688354773,0.6337631015304266
Odisha,jagatsinghapur,0.8528338765521116,0.5549828178694158,1.0,0.4563574792482768
Odisha,jagatsinghpur,0.8483061167822605,0.7077810505645556,0.9067962709812574,0.4091640061863594
Odisha,jajapur,0.8254515338484276,0.5903289150711831,0.8762301474143186,0.5244832156383579
Odisha,jajpur,0.7956088458687773,0.5965267550319097,0.8723952479162982,0.6062272597760353
Odisha,jharsuguda,0.8220533116406991,0.6778350515463918,0.8691877177443433,0.4814711973181406
Odisha,kalahandi,0.8330199601366127,0.4744722631320569,0.8544743582707257,0.5245452576014238
Odisha,kandhamal,0.8496900041427342,0.5613033873343152,0.886787305222288,0.4275364294445082
Odisha,kendrapara,0.8554943225752341,0.5039273441335297,0.8931356009556618,0.4760794791489738
Odisha,kendujhar,0.8460071617944674,0.4174030436917035,0.8636761452226271,0.5544869222956896
Odisha,khorda,0.8189051022403641,0.4854565537555228,0.9190912220645926,0.5755534706329333
Odisha,khordha,0.5630964340394043,0.6903780068728522,0.9421429820825576,0.7295461147386397
Odisha,koraput,0.7509715769956384,0.4741040746195385,0.8801508055630213,0.75
Odisha,malkangiri,0.8137901792232117,0.5742513500245459,0.8882852537000345,0.5090895596436766
Odisha,mayurbhanj,0.9280731397077598,0.25,0.880829575051411,0.4165786857855094
Odisha,nabarangapur,0.7065907614838791,0.4444280805105547,0.9279862007022156,0.7316479993811955
Odisha,nabarangpur,0.6852866062299492,0.6418753068237604,0.0,0.25
Odisha,nayagarh,0.8388424112167229,0.5990427098674521,0.9323851344478646,0.4645017086226584
Odisha,nuapada,0.7829570573788367,0.6201521845851743,0.9151097662276932,0.616606839391858
Odisha,puri,0.8123835093350366,0.5214162984781542,0.8960378648790297,0.5892025727684587
Odisha,rayagada,0.8412083208848596,0.552405498281787,0.8479566055407486,0.4639199452658991
Odisha,sambalpur,0.8460936290773573,0.5922312223858616,0.849263706401016,0.4479179813661406
Odisha,sonapur,0.8533021129947109,0.657707412862052,0.8916439642607217,0.3790947116178623
Odisha,subarnapur,0.7419946233148307,0.7255154639175257,0.797827590468637,0.6380987516888086
Odisha,sundargarh,0.7860743296233982,0.7055719194894452,0.8376304087204465,0.5762512290065034
Odisha,sundergarh,0.8410110184293004,0.5048478154148257,0.8966198744883822,0.5000234135820787
Puducherry,karaikal,0.5787735475948965,0.6393572181243414,0.75,0.466775043901176
Puducherry,puducherry,0.7393395141150736,0.25,0.5584791917941224,0.25
Puducherry,yanam,0.5024188826569826,0.75,0.25,0.75
Punjab,amritsar,0.7988324117508029,0.4825703523957843,0.471119164731493,0.25
Punjab,barnala,0.6385754077846736,0.7184908188765347,0.6030004604337226,0.6791778910120048
Punjab,bathinda,0.7524248760590098,0.628762087573793,0.6053161319049294,0.5007675509212761
Punjab,faridkot,0.7078000898243093,0.7204827786027308,0.6499483837989505,0.5390414751217671
Punjab,fatehgarh sahib,0.7062728684034297,0.7147785302958966,0.6659302325085028,0.5731282785313327
Punjab,fazilka,0.7830175629998063,0.6677411176704937,0.5578949282182768,0.4841123431324357
Punjab,ferozepur,0.7577691603695775,0.6993408424178769,0.5840763359102492,0.5751447615158928
Punjab,ferozpur,0.762375085282755,0.75,0.4011984414172335,0.5697433846183091
Punjab,gurdaspur,0.8791992798716984,0.593419893037799,0.5621549235924426,0.2500215819276015
Punjab,hoshiarpur,0.6387077048856658,0.628128282206367,0.6064449854988514,0.4155934855579015
Punjab,jalandhar,0.6408561759373279,0.5463221179964507,0.5726600155001633,0.6117557128153341
Punjab,kapurthala,0.451319823173346,0.6510056378496494,0.75,0.4805078016475411
Punjab,ludhiana,0.7264747816232638,0.25,0.4356484180757293,0.2917887514819166
Punjab,malerkotla,0.5382332312483833,0.7266397450291551,0.2648381761861487,0.727041172200084
Punjab,mansa,0.8049419193437835,0.7108851544674224,0.6547033939554427,0.4748097775701694
Punjab,moga,0.7670591820503673,0.6896979464706096,0.6064391014880075,0.4648003951349744
Punjab,pathankot,0.621544257694034,0.7079877585020462,0.5330734166638612,0.5266154235886058
Punjab,patiala,0.6942828615529064,0.5698860961211112,0.4525316202523339,0.349849491734811
Punjab,rupnagar,0.7382232466180936,0.7032794900583101,0.7014099862798793,0.5731758168416762
Punjab,s.a.s. nagar,0.6607655106591316,0.6175573141139401,0.25,0.3769070383317299
Punjab,s.b.s. nagar,0.5892405878038905,0.7137372786208396,0.683407089911191,0.5969517011784553
Punjab,sangrur,0.6604303498320951,0.6663247566963477,0.5978505283582156,0.75
Punjab,sri muktsar sahib,0.7433387653768685,0.6798739632755062,0.6084562198821953,0.521652120882151
Punjab,tarn taran,0.7995600937234405,0.6404034106489649,0.5847472109854707,0.4437846302638708
Rajasthan,ajmer,0.7469498715151164,0.5292769961356338,0.5836264312710417,0.4706699521290216
Rajasthan,alwar,0.7636836921343918,0.3837152343112175,0.6263398621739544,0.4778569158842914
Rajasthan,balotra,0.6935254662051866,0.75,0.4912891986062717,0.7408728687916976
Rajasthan,banswara,0.6820262377925665,0.5734297610624286,0.5554877846378543,0.5283493328194274
Rajasthan,baran,0.6913575243964647,0.6375949082893376,0.5971932682325735,0.54572565981176
Rajasthan,barmer,0.7342589343570476,0.3360978065639797,0.6458379962154353,0.5063675272796586
Rajasthan,beawar,0.9,0.75,0.3927893738140418,0.25
Rajasthan,bharatpur,0.7168716200644698,0.4413184428237087,0.6043480634331413,0.4991976798289592
Rajasthan,bhilwara,0.7313812184004809,0.5217477509699793,0.590603046893337,0.5008954496156479
Rajasthan,bikaner,0.7137567964835355,0.5394328634409187,0.6227682130725334,0.4713121564441591
Rajasthan,bundi,0.6834282720929994,0.6580308060741304,0.6022401189703203,0.5149647772413345
Rajasthan,chittorgarh,0.689196176460522,0.616953448771878,0.5824589330118304,0.5007038938906321
Rajasthan,churu,0.7310152055953462,0.5243938115713275,0.6115992671116346,0.4713218121780776
Rajasthan,dausa,0.7425284401096107,0.5925134708539705,0.6205674237718422,0.5038374397488845
Rajasthan,deeg,0.5301718654032606,0.7483467588308932,0.4892748408524772,0.6848996058311023
Rajasthan,dholpur,0.6703421717090603,0.594978024819028,0.5692069136619252,0.5124006281325204
Rajasthan,didwana-kuchaman,0.6919527334571494,0.7498775376911773,0.4065276828434723,0.75
Rajasthan,dungarpur,0.6729832949514608,0.6099381079378903,0.6007039792301163,0.5415649013851321
Rajasthan,hanumangarh,0.758575208952317,0.6461694567338718,0.5912018019879073,0.4764349257066895
Rajasthan,jaipur,0.8122349080157196,0.25,0.5784994507893253,0.4475813626051071
Rajasthan,jaisalmer,0.7153766189259908,0.6755020954661732,0.6237542243364832,0.5113028832904825
Rajasthan,jalore,0.6397806240365727,0.4886501251836934,0.6366347936244372,0.5084863673543949
Rajasthan,jhalawar,0.6594570330992462,0.6029402617194486,0.5898291954107795,0.5700332525361411
Rajasthan,jhunjhunu,0.748487715492937,0.5521417297120774,0.5984658119011217,0.488834900008619
Rajasthan,jodhpur,0.7435738859414329,0.4006558536983617,0.6270551064968116,0.4585778031408781
Rajasthan,karauli,0.6942745719900679,0.5866199722418767,0.6039895937691885,0.5057085688609299
Rajasthan,khairthal-tijara,0.6629277570214316,0.75,0.75,0.25
Rajasthan,kota,0.7133635363420319,0.5892594723623952,0.5503488451629084,0.4964722883552132
Rajasthan,kotputli-behror,0.8516742098007495,0.7498775376911773,0.25,0.25
Rajasthan,nagaur,0.7458254684533292,0.4326542344745006,0.6366554024323706,0.4745770273704892
Rajasthan,pali,0.7430621052710947,0.5417790857702685,0.6492926864558639,0.4980727283256773
Rajasthan,pratapgarh,0.7151760621694006,0.6512953790888805,0.5669924493684284,0.5116250278730399
Rajasthan,rajsamand,0.7098685787532519,0.6339465520056604,0.5891914334580968,0.5047097976035286
Rajasthan,salumbar,0.8984480069110947,0.75,0.4055851063829787,0.25
Rajasthan,sawai madhopur,0.7110499431052609,0.6040774117299453,0.6079330814894766,0.4879686198308953
Rajasthan,sikar,0.7471527793822323,0.5624829913459968,0.6032081465932944,0.4730690494488158
Rajasthan,sirohi,0.682608932602004,0.5836689707723289,0.6313102763074498,0.4806472558980078
Rajasthan,sri ganganagar,0.6873083256548237,0.6080865944592608,0.5871937524645533,0.5002683178016162
Rajasthan,tonk,0.7415891114897429,0.6249484880764475,0.5913842858957838,0.4998013106215266
Rajasthan,udaipur,0.7232068695734947,0.4777969030642791,0.6123598747575382,0.489731933089824
Sikkim,gangtok,0.8296683484672721,0.25,0.25,0.5086350018496855
Sikkim,gyalshing,0.7522150819943241,0.4225862068965517,0.75,0.25
Sikkim,mangan,0.3889445546664921,0.75,0.7235456601522925,0.75
Sikkim,namchi,0.8008641067985967,0.4463793103448276,0.6219004520942273,0.5493001556621895
Tamil Nadu,ariyalur,0.758071625182273,0.6562443329504927,0.7191860299585242,0.3216336210866795
Tamil Nadu,chengalpattu,0.4246166763929238,0.7084416369461404,0.25,0.75
Tamil Nadu,chennai,0.7981563902987292,0.3748262104817748,0.5205905215616868,0.4328502679076885
Tamil Nadu,coimbatore,0.8491628624293321,0.4177748896814363,0.5841574009819436,0.2974784373228968
Tamil Nadu,cuddalore,0.775975041059294,0.4341564407906668,0.618807192575104,0.4043260313049043
Tamil Nadu,dharmapuri,0.704336071737831,0.5389439642144713,0.6572025824241219,0.4343402511855148
Tamil Nadu,dindigul,0.9230182793951102,0.5253732696608837,0.707860571819404,0.2654210891501842
Tamil Nadu,erode,0.8827698202925855,0.5322946261258539,0.6240742520793182,0.3366562838894906
Tamil Nadu,kallakurichi,0.4825725476962295,0.7149096294505228,0.3510323617317124,0.503408636201574
Tamil Nadu,kanchipuram,0.8055474265450391,0.25,0.5679347316509801,0.3667465505273989
Tamil Nadu,kanyakumari,0.8765554450364526,0.594133470349997,0.5894229571234566,0.3257531803979778
Tamil Nadu,karur,0.6904208753460374,0.6052257752523726,0.6080097689476587,0.332588045408314
Tamil Nadu,krishnagiri,0.8491467440565266,0.5499455963247295,0.6036628753377657,0.351007251658497
Tamil Nadu,madurai,0.8607512377090316,0.3772139273408693,0.6060575967100539,0.3278657019147523
Tamil Nadu,mayiladuthurai,0.5866638019221267,0.7344949525479054,0.5770511375469158,0.5217865440503262
Tamil Nadu,nagapattinam,0.781889452235636,0.5977603820346975,0.6181575444747459,0.3702770142298118
Tamil Nadu,namakkal,0.8693983607222247,0.581378830925467,0.6698701303580251,0.3264326737250945
Tamil Nadu,nilgiris,0.7954270333272996,0.6844133470349997,0.7004283117131972,0.3732244028790832
Tamil Nadu,perambalur,0.8708916677105154,0.668182917245965,0.75,0.25
Tamil Nadu,pudukkottai,0.7684759878654017,0.4921870277458743,0.6763503662997057,0.349259684088016
Tamil Nadu,ramanathapuram,0.8295238363460605,0.6056791392129601,0.6716078049100493,0.2829200681771041
Tamil Nadu,ranipet,0.6624558762021288,0.75,0.4605001700004931,0.6870045916471144
Tamil Nadu,salem,0.8135595239913863,0.3829867617723508,0.6424250686414189,0.3635954886911063
Tamil Nadu,sivagangai,0.82997004764932,0.5892371395756513,0.6973639284933033,0.3111653406302294
Tamil Nadu,tenkasi,0.5970760947644228,0.7081696185697879,0.4927306924446694,0.5409145118971211
Tamil Nadu,thanjavur,0.8233809277226456,0.4717252009913559,0.6352612875548206,0.3556520467147074
Tamil Nadu,theni,0.8473966244606356,0.6246599770295593,0.6163657298308216,0.3554127549072019
Tamil Nadu,thoothukudi,0.8437688327605148,0.5637883092546696,0.692360380252556,0.4010360175161866
Tamil Nadu,tiruchirappalli,0.8325845090810047,0.3877017469624614,0.6710245048713261,0.2920051869087641
Tamil Nadu,tirunelveli,0.8725295136733002,0.4016955812125974,0.677869091244651,0.343897992898338
Tamil Nadu,tirupattur,0.6363611481603775,0.7154838904672671,0.5142258335664616,0.5023084706441752
Tamil Nadu,tiruppur,0.8680712633772346,0.5266124644864898,0.5633505744338897,0.3369653804985452
Tamil Nadu,tiruvallur,0.8425675313172825,0.2890497491386085,0.5458391782759664,0.3459422124423686
Tamil Nadu,tiruvannamalai,0.7828121971939783,0.4743547119627637,0.6247839644817208,0.3515864558793418
Tamil Nadu,tiruvarur,0.6880512006702602,0.5939823490298011,0.5970100044512578,0.4735930428415646
Tamil Nadu,vellore,0.8161214210261619,0.3881248866590098,0.620712671371889,0.3633743823868069
Tamil Nadu,viluppuram,0.7973364574761888,0.3130780390497491,0.6778869915974148,0.3452684849389046
Tamil Nadu,virudhunagar,0.8122115116143072,0.5436287251405428,0.6156554334000166,0.3431367536390982
Telangana,adilabad,0.8073517369432629,0.6957785467128028,0.6712861726219072,0.3752961111750581
Telangana,bhadradri kothagudem,0.5262338623282804,0.698840830449827,0.4231338121317114,0.6113034939505382
Telangana,hanumakonda,0.7077059561241614,0.7246712802768166,0.4055904583478876,0.4752203680815588
Telangana,hyderabad,0.5650527045427435,0.25,0.5249158449844776,0.3512068726287436
Telangana,jagtial,0.5292264995288397,0.7264359861591696,0.4155869947530772,0.5773721382386983
Telangana,jangaon,0.5981057458942187,0.7376297577854671,0.4062198237994152,0.6842240379951277
Telangana,jayashankar bhupalpally,0.6371561213627926,0.7430795847750865,0.3145705718043902,0.6228989896194677
Telangana,jogulamba gadwal,0.6863802641132483,0.7247750865051903,0.2894452548326673,0.4804283732196525
Telangana,kamareddy,0.6113032976185615,0.7200865051903114,0.4078207232509607,0.5925083075100044
Telangana,karimnagar,0.8264314858305164,0.6307612456747405,0.6310274935567911,0.3404740769580139
Telangana,khammam,0.7285980517942429,0.6808477508650519,0.5455602859982565,0.4891925024994035
Telangana,komaram bheem asifabad,0.6540442967108566,0.7362456747404844,0.3125382655633372,0.6536464260754056
Telangana,mahabubabad,0.5994165011331158,0.729273356401384,0.3287441138759315,0.6515139429217054
Telangana,mahabubnagar,0.8065724955737611,0.546955017301038,0.6728773548496059,0.3343672308723505
Telangana,mancherial,0.6572470669064219,0.7369550173010381,0.3588032636361578,0.6860881475887539
Telangana,medak,0.7300707830132221,0.5973875432525951,0.691985244564221,0.4247770786676
Telangana,medchal–malkajgiri,0.5251182479743866,0.6531314878892733,0.3138297346476629,0.4371125158572141
Telangana,mulugu,0.6021950597254269,0.7413494809688581,0.372341958399255,0.5462049479973441
Telangana,nagarkurnool,0.672940792839053,0.7332179930795848,0.4315749514059502,0.5913061593237856
Telangana,nalgonda,0.7882946572136491,0.6149480968858132,0.6456109997671127,0.3805172766154786
Telangana,narayanpet,0.6788028680643688,0.7344809688581315,0.3038335228256056,0.5352294616888711
Telangana,nirmal,0.5992248637368242,0.7299134948096886,0.2875685011849301,0.7469618768822646
Telangana,nizamabad,0.7629140792952945,0.6184429065743945,0.6274028788339443,0.3556902376508307
Telangana,peddapalli,0.6462241141683802,0.7482006920415225,0.4524349929597937,0.6320682450205386
Telangana,rajanna sircilla,0.6155696249804619,0.7420242214532872,0.4537436485912031,0.6192120280488577
Telangana,rangareddy,0.7382137845516257,0.3891176470588235,0.5683927458469549,0.3655180876846624
Telangana,sangareddy,0.6694602204947329,0.705190311418685,0.3941484876014292,0.4348640881307847
Telangana,siddipet,0.6052889489728487,0.721643598615917,0.3707604805558941,0.75
Telangana,suryapet,0.6654615373832504,0.7164186851211073,0.2933223885673646,0.6037894841426614
Telangana,vikarabad,0.6315075777580862,0.7067993079584776,0.25,0.7013495501272946
Telangana,wanaparthy,0.6403641167247929,0.726885813148789,0.3594695476425035,0.6168486042924098
Telangana,warangal,0.8088178040463146,0.6802249134948097,0.6698209475362094,0.3828814467462537
Telangana,yadadri bhuvanagiri,0.6703302037849891,0.726885813148789,0.2940020047026092,0.6022758589491051
Tripura,dhalai,0.6952838900389237,0.4881748557251496,0.3507183316513682,0.4064253457504956
Tripura,gomati,0.35589728312414,0.6947980152095357,0.4296666922174777,0.75
Tripura,khowai,0.6453662496573387,0.75,0.5162142388975439,0.5532190345182828
Tripura,north tripura,0.7270486109976751,0.4980448735235424,0.6869205496845955,0.3683969375207652
Tripura,sepahijala,0.5930731641930407,0.4977212663826115,0.25,0.5033646543844119
Tripura,south tripura,0.7906226950922568,0.3498058357154414,0.4310549304060952,0.3453447231065076
Tripura,unakoti,0.7681747941382134,0.7053152472897901,0.75,0.3731114385908424
Tripura,west tripura,0.970322237493242,0.25,0.5259553007656157,0.25
Uttar Pradesh,agra,0.7600798520441894,0.3644778451229153,0.5625967217478888,0.4180644720622165
Uttar Pradesh,aligarh,0.755821760489767,0.4249002371720061,0.4943275154378884,0.2813951910896337
Uttar Pradesh,ambedkar nagar,0.6694966035056327,0.6435683899731635,0.5200721526933076,0.631366367868117
Uttar Pradesh,amethi,0.7282296110741177,0.6340257124571773,0.447910602795433,0.4795895235880429
Uttar Pradesh,amroha,0.6053749035336102,0.6372962391296164,0.4670819627333211,0.5557457849719218
Uttar Pradesh,auraiya,0.6299113229945318,0.7273416029815909,0.4538467978750424,0.3853548388571146
Uttar Pradesh,ayodhya,0.7590503365725688,0.635561817996031,0.5661847093489851,0.4603725582756024
Uttar Pradesh,azamgarh,0.6817845050532022,0.4192532846440537,0.5350240086206255,0.6284474947019973
Uttar Pradesh,baghpat,0.6872045007587523,0.6974715770056092,0.4799650286439977,0.5448333015630393
Uttar Pradesh,bahraich,0.70625842415401,0.25,0.6176042403692854,0.4582943095245905
Uttar Pradesh,ballia,0.7684800940829233,0.5504978729812144,0.4560212431699229,0.4641364926631764
Uttar Pradesh,balrampur,0.6222694827487607,0.5883971595828784,0.573336632833212,0.6897977091301564
Uttar Pradesh,banda,0.7083591091760558,0.6625381169295637,0.609246929741944,0.4859404517073645
Uttar Pradesh,barabanki,0.7515383896713964,0.5921382656326468,0.6360003178578025,0.4455439505819492
Uttar Pradesh,bareilly,0.7543981796648604,0.3536780484132062,0.5245055488494572,0.375152355650006
Uttar Pradesh,basti,0.5975426233917519,0.590930725337607,0.5368192783195176,0.570201919029339
Uttar Pradesh,bhadohi,0.7303511322879568,0.6839071264540904,0.5204546714697347,0.4802243947299868
Uttar Pradesh,bijnor,0.7859578541338583,0.4361033876337117,0.4620981983847843,0.3979142835211242
Uttar Pradesh,budaun,0.512235130733263,0.5654858261491549,0.3975431681991715,0.75
Uttar Pradesh,bulandshahr,0.7091787618388495,0.5135338628919925,0.4473361827720662,0.3296557238744969
Uttar Pradesh,chandauli,0.6819273468949312,0.666911367942878,0.5654216284395068,0.5988015332608445
Uttar Pradesh,chitrakoot,0.6387812342995016,0.6823306855400368,0.562441308084819,0.4524576502134945
Uttar Pradesh,deoria,0.7567947404042763,0.618714235967323,0.5884889307503182,0.5787948056506604
Uttar Pradesh,etah,0.7429845378179086,0.6342845311147084,0.6909102140068442,0.383499261997263
Uttar Pradesh,etawah,0.6151687396112195,0.682313038813387,0.5730777283081545,0.5076116159221316
Uttar Pradesh,farrukhabad,0.7337972083221476,0.6625192937544705,0.4259141396831709,0.5633382141970265
Uttar Pradesh,fatehpur,0.7376611362499946,0.616778978278056,0.6138388576947971,0.506790871737966
Uttar Pradesh,firozabad,0.7594349872373629,0.5887324473892256,0.25,0.3787237815620996
Uttar Pradesh,gautam buddha nagar,0.8109422074206311,0.5417921545006211,0.2604857551306629,0.25
Uttar Pradesh,ghaziabad,0.8651319404653204,0.434743189147812,0.3898795618215757,0.2590724819667235
Uttar Pradesh,ghazipur,0.7446616526613846,0.5084516056168354,0.4402920577870173,0.5289264183374973
Uttar Pradesh,gonda,0.7467835566472658,0.5269689041147461,0.5858040654198386,0.5619729825028299
Uttar Pradesh,gorakhpur,0.7376431023185652,0.5128091706509054,0.5248832005096196,0.5502879137593093
Uttar Pradesh,hamirpur,0.6534169219128926,0.7316238753152882,0.4711981216871648,0.4992373739258333
Uttar Pradesh,hapur,0.7124434439420544,0.6896187836464255,0.5724351530588883,0.4267364861901839
Uttar Pradesh,hardoi,0.7030830341305588,0.2598983010739965,0.5729963754245344,0.5224849873014128
Uttar Pradesh,hathras,0.6919580142312494,0.6797693892148584,0.5680868997263204,0.4366473359726808
Uttar Pradesh,jalaun,0.7750960739792327,0.7021151870754702,0.484893608601107,0.5279504073399499
Uttar Pradesh,jaunpur,0.773641806010315,0.5436509430410721,0.5034254945502228,0.5414904500455738
Uttar Pradesh,jhansi,0.7085821340252793,0.6577866097310436,0.6012849387511813,0.5414082742633486
Uttar Pradesh,kannauj,0.7105146236337518,0.6804349229056529,0.5138022570717982,0.5699754215456512
Uttar Pradesh,kanpur dehat,0.6915636023803963,0.6766660862854346,0.5443932421398425,0.5474564805356539
Uttar Pradesh,kanpur nagar,0.7634471569339045,0.4463163046342656,0.510359242481589,0.4297802996722036
Uttar Pradesh,kasganj,0.6860744385619462,0.6852953356172119,0.5510942409788052,0.6042740746131822
Uttar Pradesh,kaushambi,0.742980853741688,0.6851894552573128,0.6556403119222332,0.426037328047253
Uttar Pradesh,kheri,0.623948167794255,0.4065711704250272,0.5884040102649168,0.6644371509082103
Uttar Pradesh,kushinagar,0.7581428084395625,0.5811267082031397,0.5277566847973821,0.5183352058392816
Uttar Pradesh,lalitpur,0.5678671151245342,0.7194190630361244,0.682721084432025,0.5098514085103184
Uttar Pradesh,lucknow,0.7837809260382563,0.4275966570041034,0.502732473930672,0.3881443924440651
Uttar Pradesh,maharajganj,0.6433293103789108,0.5572224522832512,0.462165411181057,0.5961891428756239
Uttar Pradesh,mahoba,0.6986066262035933,0.75,0.4712967302237637,0.5533788767754914
Uttar Pradesh,mainpuri,0.620733256820054,0.6044556808342431,0.5258644615662852,0.7014879397218401
Uttar Pradesh,mathura,0.7287670649015866,0.5926323739788427,0.4077093052329135,0.400522588565293
Uttar Pradesh,mau,0.692132356399829,0.625978805104845,0.3154127249750528,0.5619310168954645
Uttar Pradesh,meerut,0.763344110582733,0.4225238113164928,0.5006386442126636,0.364797108748258
Uttar Pradesh,mirzapur,0.7917299898695511,0.6205906712344238,0.4297475335275643,0.4066992998959388
Uttar Pradesh,moradabad,0.8136013470440979,0.4666798428892318,0.4402244008341728,0.4264855850576561
Uttar Pradesh,muzaffarnagar,0.7808501261136177,0.5863148458381959,0.5473076701005062,0.3519258340896349
Uttar Pradesh,pilibhit,0.7473719002892569,0.5967479827830692,0.5330138795427508,0.3500237866714198
Uttar Pradesh,pratapgarh,0.6207913342714128,0.5450862101419267,0.4735224675887776,0.5215830294945303
Uttar Pradesh,prayagraj,0.828159648382243,0.5002164665135714,0.6262027272304691,0.4245304964066037
Uttar Pradesh,raebareli,0.6969640072052856,0.5665681587170124,0.4519139599821693,0.5179690848339247
Uttar Pradesh,rampur,0.7697597721933195,0.4877617989935875,0.4782303623331195,0.2707181037069601
Uttar Pradesh,saharanpur,0.8678047405752978,0.504059531428428,0.5494565631947281,0.3382922998432273
Uttar Pradesh,sambhal,0.613618122216462,0.628321618147692,0.4358239285459521,0.6946920677369767
Uttar Pradesh,sant kabir nagar,0.7271673515699403,0.6616957798441441,0.4969063717657929,0.5589569997117768
Uttar Pradesh,shahjahanpur,0.7732302405336625,0.4268217696294344,0.4602657398193942,0.4355319277047966
Uttar Pradesh,shamli,0.6989267973335789,0.643628893035963,0.657299105665764,0.4107910186813597
Uttar Pradesh,shrawasti,0.4521117929303033,0.69936565899936,0.5579519882845865,0.5842843295727792
Uttar Pradesh,siddharthnagar,0.5380601795934441,0.515667156069219,0.6059619170397248,0.6584917461928228
Uttar Pradesh,sitapur,0.8108431513397687,0.2982908557015397,0.75,0.3479061836711528
Uttar Pradesh,sonbhadra,0.7417126400759153,0.6940245830666717,0.5225985182301749,0.4678565589003748
Uttar Pradesh,sultanpur,0.6595593027479125,0.6351002020354126,0.6279032236494793,0.6465526658682137
Uttar Pradesh,unnao,0.6864943162176088,0.531599405187667,0.4796643132022893,0.4431080339070791
Uttar Pradesh,varanasi,0.7497674941593127,0.423088506569288,0.6136928485910537,0.5703400897063511
Uttarakhand,almora,0.7970805298009755,0.6846632208043935,0.4800934297247314,0.4690799205734973
Uttarakhand,bageshwar,0.7575116054887779,0.75,0.6053654118230876,0.4745259520885497
Uttarakhand,chamoli,0.820658322602809,0.7114763366176708,0.5845102434259765,0.4461202785003242
Uttarakhand,champawat,0.6367326781133809,0.7360281053141657,0.5496596966890936,0.4466154173616173
Uttarakhand,dehradun,0.9569063448779852,0.3100710709093846,0.25,0.25
Uttarakhand,haridwar,0.7536197865485648,0.3809158455822969,0.3999573143199484,0.75
Uttarakhand,nainital,0.7126174073908884,0.5468825714747214,0.4636978483835126,0.6265593004014803
Uttarakhand,pauri garhwal,0.7921189260529435,0.6370941689549345,0.5573060903653042,0.4364457378826437
Uttarakhand,pithoragarh,0.672032169129809,0.6975044419318366,0.4093228166950618,0.4761676954594993
Uttarakhand,rudraprayag,0.6294736087116541,0.7283556775965111,0.75,0.5603092152109426
Uttarakhand,tehri garhwal,0.6532342083584393,0.5592392182199968,0.5436758313824274,0.4737293493098576
Uttarakhand,udham singh nagar,0.7888072200902723,0.25,0.4344566744360455,0.55433245662965
Uttarakhand,uttarkashi,0.6088493601102737,0.7087304151187208,0.5793076203186245,0.5750523736791543
West Bengal,24 paraganas north,0.5649620455581564,0.5788634528086445,0.0,0.5942177667460828
West Bengal,24 paraganas south,0.684364883266061,0.7227629710084384,0.0,0.25
West Bengal,alipurduar,0.6815462397780994,0.7244826913972207,0.7171684189904003,0.4776248369421411
West Bengal,bankura,0.8665090200494372,0.5919388977079678,0.633142386103661,0.3668686403273274
West Bengal,barddhaman,0.8881005929351439,0.529541593561144,0.6620531395531958,0.3669635037458004
West Bengal,bardhaman,0.8531304161179666,0.7253251455148022,0.6287525549310169,0.3608572698997054
West Bengal,birbhum,0.8076873653757819,0.6266495987650638,0.7085565361716808,0.474412164668081
West Bengal,burdwan,0.7668115258699195,0.7499443005542095,0.5,0.25
West Bengal,cooch behar,0.6095678831526128,0.6563692316261454,0.6343982669039357,0.5509906749389166
West Bengal,dakshin dinajpur,0.7869969119287773,0.6773567828000111,0.6237531494840023,0.4718606348732446
West Bengal,darjeeling,0.6945680043234145,0.6990976689781937,0.7225725738504354,0.5512776231377596
West Bengal,darjiling,0.8225434892077438,0.7399462500348122,0.5612667091024826,0.4119943687227503
West Bengal,dinajpur dakshin,0.6950821042830879,0.6945233519926477,0.0,0.25
West Bengal,dinajpur uttar,0.3647597279262016,0.5333662888387594,0.0,0.75
West Bengal,east midnapore,0.8321211771723798,0.7205628428997132,0.6622391653290529,0.3738143601867881
West Bengal,east midnapur,0.8753692770677517,0.75,0.6428571428571428,0.25
West Bengal,haora,0.8212210988754107,0.7102027459826774,0.6059830916920159,0.4056369910393784
West Bengal,hawrah,0.8822265750908009,0.7498886011084189,0.6875,0.25
West Bengal,hooghiy,0.8503079422031605,0.75,0.6666666666666666,0.25
West Bengal,hooghly,0.8617227010166971,0.5789915615339627,0.6822893893405217,0.3931433019287108
West Bengal,howrah,0.8450702416574402,0.6229050045952043,0.6896632349610188,0.3937304099045641
West Bengal,hugli,0.82117742932092,0.7473542763249506,0.62889019377569,0.3990080135962423
West Bengal,jalpaiguri,0.6902800802835007,0.675877962514273,0.6502747126099584,0.6153149471299592
West Bengal,jhargram,0.6963119658816804,0.7393391260756955,0.6475694444444444,0.4853894950172868
West Bengal,kalimpong,0.4796271484004576,0.7452933968307016,0.6097608024691358,0.5745078951944267
West Bengal,koch bihar,0.8349313979032248,0.70343526331913,0.5397231358939163,0.4195079015071895
West Bengal,kolkata,0.5887280777346353,0.6779109922856268,0.741566246957358,0.5387552120108046
West Bengal,malda,0.8314831145969468,0.6031019949684834,0.6448320162893295,0.4529444204212188
West Bengal,maldah,0.8578001552923691,0.7256036427437547,0.6216297786720322,0.3376646582395626
West Bengal,medinipur,0.8239559190269844,0.7496518784638093,0.6482213438735178,0.4081468435335499
West Bengal,medinipur west,0.5521286017601169,0.7320926281783496,0.0,0.5750483376479301
West Bengal,murshidabad,0.9299901375388904,0.25,0.6361731323266442,0.3717455415016774
West Bengal,nadia,0.7868760001748585,0.6267092767426964,0.7055453007229657,0.5356699398642382
West Bengal,north 24 parganas,0.7868013296681008,0.4844993083985481,0.6857510037928782,0.4980944732558315
West Bengal,north dinajpur,0.8440301762642161,0.7452933968307016,0.5704645048203331,0.366063658854672
West Bengal,north twenty four parganas,0.8392087551820913,0.7273999498704988,0.6334509658246656,0.3818885904105998
West Bengal,paschim bardhaman,0.8123346338952444,0.7322875762386164,0.6173433837967949,0.3802390582897225
West Bengal,paschim medinipur,0.8851062496756186,0.4982245801654273,0.6347860442499392,0.3721667780586657
West Bengal,purba bardhaman,0.7319288765676785,0.7161792965159997,0.6548727653005328,0.4585771400767691
West Bengal,purba medinipur,0.8737145764576677,0.5506238337928537,0.7062041084428736,0.3442418365650334
West Bengal,purulia,0.8421441828807034,0.7391525329322973,0.6118015721266199,0.3657238456554135
West Bengal,puruliya,0.8692389679514884,0.5659829559695881,0.6220072566187583,0.3793345746838708
West Bengal,south 24 pargana,0.7317182198510983,0.75,0.5555555555555556,0.6777727499538051
West Bengal,south 24 parganas,0.9336826014129762,0.2829879967694321,0.6250981144581466,0.3491340011697912
West Bengal,south dinajpur,0.8434282054661113,0.7438452112401481,0.5718322240361673,0.3697384080141693
West Bengal,south twenty four parganas,0.8527064425144577,0.6928662934803799,0.6286287190418556,0.3432842045014819
West Bengal,uttar dinajpur,0.8200326991531529,0.5004107834127051,0.6191225475859967,0.4409229862597951
West Bengal,west medinipur,0.8002242723439252,0.7499443005542095,0.0,0.25
West Bengal,west midnapore,0.8352005562709941,0.7195602528754839,0.616221760776563,0.3766687405768913
